<addon id="script.module.systemsetup" name="Library for system setup" version="1.3.9" provider-name="Nejib">
    <requires>
        <import addon="xbmc.python" version="3.0.0"/>
    </requires>
    <extension point="xbmc.python.module" library="lib"/>
    <extension point="xbmc.addon.metadata">
		<summary lang="ar_SA">خزانة إعداد النظام</summary>
		<summary lang="en_GB">System setup library</summary>
		<summary lang="fr_FR">Librarie d'installation systeme</summary>
		<summary lang="default">System setup library</summary>
        <description lang="ar_SA">خزانة إعداد النظام لجهاز صندوق الإعلانات</description>
        <description lang="en_GB">System setup library for Ads TV device</description>
        <description lang="fr_FR">Librarie d'installation systeme sur l'appareil Ads TV</description>
        <description lang="default">System setup library for Ads TV device</description>
        <platform>all</platform>
	  <assets>
		<icon>icon.png</icon>
		<fanart>fanart.jpg</fanart>
	  </assets>
    </extension>
</addon>